last_name,first_name
Alexander,Ray
Alvarado,Kimberley
Anderson,Xaviera
Anthony,Ella
Armstrong,Stella
Avila,Paloma
Baird,Bethany
Ball,George
Banks,Kimberly
Barnes,Evan
Barr,Zoe
Barron,Latifah
Barry,Shana
Bartlett,Elvis
Bates,Summer
Beach,Lawrence
Bell,Jaime
Bishop,Omar
Bolton,Carter
Boone,Leandra
Boyd,Ashton
Bradley,Rashad
Briggs,Leandra
Bruce,Ignatius
Burke,Austin
Burnett,Teagan
Burnett,Sandra
Burris,McKenzie
Burt,Kendall
Calderon,Lyle
Cantrell,Blossom
Carson,Barbara
Chan,Barrett
Cherry,Chaim
Christensen,Xerxes
Clements,Edan
Cohen,Xerxes
Coleman,Keegan
Craig,Gail
Daniels,Tyler
Day,Perry
Deleon,Jonah
Delgado,Courtney
Diaz,Zachery
Diaz,Joy
Dorsey,Alika
Downs,Hedda
Durham,Zephr
Dyer,Mercedes
Edwards,Kieran
Edwards,Carla
Elliott,Jenette
Ellis,Amos
Ellison,Jerry
Espinoza,Kimberly
Estrada,Branden
Estrada,Maia
Ewing,Eleanor
Farrell,Ann
Faulkner,Yetta
Flynn,Nash
Fox,Tamekah
Francis,Hillary
Franco,Felicia
Freeman,Hiram
Fulton,September
Garrison,Kameko
Gomez,Sylvia
Gonzalez,Graham
Good,Kane
Good,Yoshi
Gould,Blaze
Gould,Brenda
Graham,Emerald
Graves,Lance
Green,Piper
Griffith,Marshall
Hahn,Hermione
Hammond,Aquila
Hardin,Lamar
Hardy,Montana
Harper,Haviva
Harper,Amber
Harris,Rebecca
Hatfield,Wing
Hayes,Cheryl
Henry,Tyler
Henson,Alexander
Hernandez,Sylvia
Hernandez,Ivan
Hewitt,Vera
Hickman,Darryl
Higgins,Ronan
Holden,Wylie
Hooper,Hope
Hooper,Hedwig
Horton,Brenna
Howard,Fiona
Howell,Quintessa
Howell,Jackson
James,Nasim
Jenkins,Tanisha
Joyce,Merritt
Kaufman,Phillip
Keller,Sandra
Kelly,Hanae
Kemp,Barbara
Kent,Candice
Lane,Haviva
Lang,Kimberley
Langley,Heather
Larson,Vivian
Lindsey,Shay
Lloyd,Stuart
Lloyd,Avram
Lloyd,Benedict
Lopez,Jarrod
Lynch,Dominique
Lynch,Carson
